<?xml version="1.0" encoding="utf-8" ?>
		<hibernate-mapping xmlns="urn:nhibernate-mapping-2.2"
		                   assembly="PracticaGenNHibernate"
		                   namespace="PracticaGenNHibernate.EN.Practica">
		    
		    
			
				
<joined-subclass name="ComplementoEN" extends="PracticaGenNHibernate.EN.Practica.ProductoEN" table="Complemento"> 
	<key>
    	
				<column name="idProducto"/>
		
    	
   	</key>

			
					
			
		
 	  
		 </joined-subclass>
		  
		  <query name="ComplementoENReadAllHQL">from ComplementoEN</query>
		  <query name="ComplementoENtopVentasHQL"><![CDATA[FROM ComplementoEN  as complemento order by complemento.NumVeces DESC]]></query>
		</hibernate-mapping>
	