<?xml version="1.0" encoding="utf-8" ?>
		<hibernate-mapping xmlns="urn:nhibernate-mapping-2.2"
		                   assembly="PracticaGenNHibernate"
		                   namespace="PracticaGenNHibernate.EN.Practica">
		    
		    
			
				
<joined-subclass name="IngredienteEN" extends="PracticaGenNHibernate.EN.Practica.ProductoEN" table="Ingrediente"> 
	<key>
    	
				<column name="idProducto"/>
		
    	
   	</key>

			
					
			
			
		  			
						<bag name="Personalizable" table="[personalizable_ingrediente]" inverse="true" >
							<key>
								
									<column name="FK_idProducto_idIngrediente"/> 
							</key>
      						<many-to-many class="PracticaGenNHibernate.EN.Practica.PersonalizableEN">
									<column name="FK_idProducto_idPersonalizable"/> 
      						</many-to-many>
    					</bag>
					
		
 	  
		 </joined-subclass>
		  
		  <query name="IngredienteENReadAllHQL">from IngredienteEN</query>
		</hibernate-mapping>
	