<?xml version="1.0" encoding="utf-8" ?>
		<hibernate-mapping xmlns="urn:nhibernate-mapping-2.2"
		                   assembly="PracticaGenNHibernate"
		                   namespace="PracticaGenNHibernate.EN.Practica">
		    
		    
			
				
<joined-subclass name="PizzaEN" extends="PracticaGenNHibernate.EN.Practica.ProductoEN" table="Pizza"> 
	<key>
    	
				<column name="idProducto"/>
		
    	
   	</key>

			
					
					<property name="Tamaño" > 
						<column name="tamaño"  not-null="true"/>
					</property>
					<property name="Masa" > 
						<column name="masa"  not-null="true"/>
					</property>
			
			
			
					
					
		
 	  
		 </joined-subclass>
		  
		  <query name="PizzaENReadAllHQL">from PizzaEN</query>
		</hibernate-mapping>
	