<?xml version="1.0" encoding="utf-8" ?>
		<hibernate-mapping xmlns="urn:nhibernate-mapping-2.2"
		                   assembly="PracticaGenNHibernate"
		                   namespace="PracticaGenNHibernate.EN.Practica">
		    
		    
			
				
<joined-subclass name="UsuarioEN" extends="PracticaGenNHibernate.EN.Practica.RegistradoEN" table="Usuario"> 
	<key>
    	
				<column name="emailRegistrado"/>
		
    	
   	</key>

			
					
			
			
		  			
						<bag name="Pedido" >
							<key>
							
								
								<column name="FK_emailRegistrado_idUsuario"/>
					      	</key>
							<one-to-many class="PracticaGenNHibernate.EN.Practica.PedidoEN"/>
					    </bag>
					
			
		  			
						<bag name="Direccion" table="[usuario_direccion]"  >
							<key>
								
									<column name="FK_emailRegistrado_idUsuario"/> 
							</key>
      						<many-to-many class="PracticaGenNHibernate.EN.Practica.DireccionEN">
									<column name="FK_idDireccion_idDireccion"/> 
      						</many-to-many>
    					</bag>
			
		  			
						<bag name="Incidencia" >
							<key>
							
								
								<column name="FK_emailRegistrado_idUsuario"/>
					      	</key>
							<one-to-many class="PracticaGenNHibernate.EN.Practica.IncidenciaEN"/>
					    </bag>
					
					
					
					
		
 	  
		 </joined-subclass>
		  
		  <query name="UsuarioENReadAllHQL">from UsuarioEN</query>
		  <query name="UsuarioENgetUsuarioHQL"><![CDATA[FROM UsuarioEN]]></query>
		  <query name="UsuarioENUsuariosMesHQL"><![CDATA[SELECT count(*) FROM UsuarioEN as res where res.FechaRegistro >= :p_fecha]]></query>
		  <query name="UsuarioENbuscarUsuarioHQL"><![CDATA[from UsuarioEN usu where usu.Nombre like  '%'+:p_nombre+'%']]></query>
		</hibernate-mapping>
	