<?xml version="1.0" encoding="utf-8" ?>
		<hibernate-mapping xmlns="urn:nhibernate-mapping-2.2"
		                   assembly="PracticaGenNHibernate"
		                   namespace="PracticaGenNHibernate.EN.Practica">
		    
		    
			
				<class name="IncidenciaEN" table="Incidencia"> 
				  	
						<id name="Id" column="idIncidencia" type="integer"> 
							<generator class="hilo"/>
						</id>
			
					
					<property name="Descripcion" type="string"> 
						<column name="descripcion"  not-null="true"/>
					</property>
					<property name="Estado" > 
						<column name="estado"  not-null="true"/>
					</property>
					<property name="Fecha" type="date"> 
						<column name="fecha"  not-null="true"/>
					</property>
			
			
			
			
			
		  			
						<many-to-one name="Usuario" class="PracticaGenNHibernate.EN.Practica.UsuarioEN" >	
								<column name="FK_emailRegistrado_idUsuario"/> 
						</many-to-one>
											 					
			
					
					
					
					
					
		
		 </class>	
		  
		  <query name="IncidenciaENReadAllHQL">from IncidenciaEN</query>
		  <query name="IncidenciaENIncidenciasMesHQL"><![CDATA[SELECT count(*) FROM IncidenciaEN as inc where inc.Fecha >= :p_fecha]]></query>
		</hibernate-mapping>
	