<?xml version="1.0" encoding="utf-8" ?>
		<hibernate-mapping xmlns="urn:nhibernate-mapping-2.2"
		                   assembly="PracticaGenNHibernate"
		                   namespace="PracticaGenNHibernate.EN.Practica">
		    
		    
			
				<class name="CodigoEN" table="Codigo"> 
				  	
						<id name="Id" column="idCodigo" type="integer"> 
							<generator class="hilo"/>
						</id>
			
					
					<property name="Descuento" type="integer"> 
						<column name="descuento"  not-null="true"/>
					</property>
					<property name="Tipo" > 
						<column name="tipo"  not-null="true"/>
					</property>
					<property name="Numero" type="string"> 
						<column name="numero"  not-null="true"/>
					</property>
			
			
			
			
			
		  			
						<bag name="Pedido" >
							<key>
							
								
								<column name="FK_idCodigo_idCodigo"/>
					      	</key>
							<one-to-many class="PracticaGenNHibernate.EN.Practica.PedidoEN"/>
					    </bag>
					
			
					
					
					
					
					
		
		 </class>	
		  
		  <query name="CodigoENReadAllHQL">from CodigoEN</query>
		</hibernate-mapping>
	