<?xml version="1.0" encoding="utf-8" ?>
		<hibernate-mapping xmlns="urn:nhibernate-mapping-2.2"
		                   assembly="PracticaGenNHibernate"
		                   namespace="PracticaGenNHibernate.EN.Practica">
		    
		    
			
				<class name="ProductoEN" table="Producto"> 
				  	
						<id name="Id" column="idProducto" type="integer"> 
							<generator class="hilo"/>
						</id>
			
					
					<property name="Precio" type="double"> 
						<column name="precio"  not-null="true"/>
					</property>
					<property name="Nombre" type="string"> 
						<column name="nombre"  not-null="true"/>
					</property>
					<property name="Foto" type="string"> 
						<column name="foto"  not-null="true"/>
					</property>
			
			
			
			
			
			
		  			
						<bag name="LineaPedido" >
							<key>
							
								
								<column name="FK_idProducto_idProducto"/>
					      	</key>
							<one-to-many class="PracticaGenNHibernate.EN.Practica.LineaPedidoEN"/>
					    </bag>
					
					
					
					
					
					
		
		 </class>	
		  
		  <query name="ProductoENReadAllHQL">from ProductoEN</query>
		  <query name="ProductoENbuscarProductoHQL"><![CDATA[FROM ProductoEN as pro where pro.Nombre= :nombre]]></query>
		</hibernate-mapping>
	