<?xml version="1.0" encoding="utf-8" ?>
		<hibernate-mapping xmlns="urn:nhibernate-mapping-2.2"
		                   assembly="PracticaGenNHibernate"
		                   namespace="PracticaGenNHibernate.EN.Practica">
		    
		    
			
				
<joined-subclass name="PersonalizableEN" extends="PracticaGenNHibernate.EN.Practica.PizzaEN" table="Personalizable"> 
	<key>
    	
				<column name="idProducto"/>
		
    	
   	</key>

			
					
			
			
		  			
						<bag name="Ingrediente" table="[personalizable_ingrediente]"  >
							<key>
								
									<column name="FK_idProducto_idPersonalizable"/> 
							</key>
      						<many-to-many class="PracticaGenNHibernate.EN.Practica.IngredienteEN">
									<column name="FK_idProducto_idIngrediente"/> 
      						</many-to-many>
    					</bag>
					
		
 	  
		 </joined-subclass>
		  
		  <query name="PersonalizableENReadAllHQL">from PersonalizableEN</query>
		  <query name="PersonalizableENtopVentasHQL"><![CDATA[FROM PersonalizableEN as pizza order by pizza.NumVeces DESC]]></query>
		</hibernate-mapping>
	