<?xml version="1.0" encoding="utf-8" ?>
		<hibernate-mapping xmlns="urn:nhibernate-mapping-2.2"
		                   assembly="PracticaGenNHibernate"
		                   namespace="PracticaGenNHibernate.EN.Practica">
		    
		    
			
				
<joined-subclass name="PredefinidaEN" extends="PracticaGenNHibernate.EN.Practica.PizzaEN" table="Predefinida"> 
	<key>
    	
				<column name="idProducto"/>
		
    	
   	</key>

			
					
					<property name="Descripcion" type="string"> 
						<column name="descripcion"  not-null="true"/>
					</property>
			
			
					
		
 	  
		 </joined-subclass>
		  
		  <query name="PredefinidaENReadAllHQL">from PredefinidaEN</query>
		  <query name="PredefinidaENtopVentasHQL"><![CDATA[FROM PredefinidaEN as pizza order by pizza.NumVeces DESC]]></query>
		</hibernate-mapping>
	