<?xml version="1.0" encoding="utf-8" ?>
		<hibernate-mapping xmlns="urn:nhibernate-mapping-2.2"
		                   assembly="PracticaGenNHibernate"
		                   namespace="PracticaGenNHibernate.EN.Practica">
		    
		    
			
				<class name="PedidoEN" table="Pedido"> 
				  	
						<id name="Id" column="idPedido" type="integer"> 
							<generator class="hilo"/>
						</id>
			
					
					<property name="Estado" > 
						<column name="estado"  not-null="true"/>
					</property>
					<property name="Fecha" type="date"> 
						<column name="fecha"  not-null="true"/>
					</property>
					<property name="PrecioTotal" type="double"> 
						<column name="precioTotal"  not-null="true"/>
					</property>
					<property name="TipoPago" > 
						<column name="tipoPago"  not-null="true"/>
					</property>
					<property name="Confirmado" type="boolean"> 
						<column name="confirmado" />
					</property>
			
			
			
			
			
			
			
		  			
						<bag name="LineaPedido" cascade="delete">
							<key>
							
								
								<column name="FK_idPedido_idPedido"/>
					      	</key>
							<one-to-many class="PracticaGenNHibernate.EN.Practica.LineaPedidoEN"/>
					    </bag>
					
			
		  			
						<many-to-one name="Codigo" class="PracticaGenNHibernate.EN.Practica.CodigoEN" >	
								<column name="FK_idCodigo_idCodigo"/> 
						</many-to-one>
											 					
			
		  			
						<many-to-one name="Usuario" class="PracticaGenNHibernate.EN.Practica.UsuarioEN" >	
								<column name="FK_emailRegistrado_idUsuario"/> 
						</many-to-one>
											 					
			
					
					
					
					
					
					
					
					
					
		
		 </class>	
		  
		  <query name="PedidoENReadAllHQL">from PedidoEN</query>
		  <query name="PedidoENpedidosMensualesHQL"><![CDATA[select count(*) from PedidoEN as ped where ped.Fecha>=:p_fecha]]></query>
		  <query name="PedidoENgetCodigosActivadosHQL"><![CDATA[SELECT count(*) FROM PedidoEN as ped.Codigo.Numero !=null]]></query>
		  <query name="PedidoENtopVentasHQL"><![CDATA[SELECT pro.Nombre FROM ProductoEN as pro, LineaPedidoEN as linea,PedidoEN as ped inner join linea inner join linea pro]]></query>
		</hibernate-mapping>
	