<?xml version="1.0" encoding="utf-8" ?>
		<hibernate-mapping xmlns="urn:nhibernate-mapping-2.2"
		                   assembly="PracticaGenNHibernate"
		                   namespace="PracticaGenNHibernate.EN.Practica">
		    
		    
			
				<class name="RegistradoEN" table="Registrado"> 
						<id name="Email" column="emailRegistrado"/> 
			
					
					<property name="Nombre" type="string"> 
						<column name="nombre"  not-null="true"/>
					</property>
					<property name="Contrasenya" type="string"> 
						<column name="contrasenya"  not-null="true"/>
					</property>
					<property name="Fecha_nac" type="date"> 
						<column name="fecha_nac"  not-null="true"/>
					</property>
					<property name="Telefono" type="integer"> 
						<column name="telefono"  not-null="true"/>
					</property>
					<property name="FechaRegistro" type="date"> 
						<column name="fechaRegistro"  not-null="true"/>
					</property>
			
			
			
			
			
			
			
					
					
					
					
					
					
		
		 </class>	
		  
		  <query name="RegistradoENReadAllHQL">from RegistradoEN</query>
		</hibernate-mapping>
	